Tiempo,Velocidad referencia [km/h]
0,1.313651951
1,1.429854583
2,1.503975216
3,1.535741201
4,1.553388971
5,1.56461937
6,1.572394261
7,1.578095848
8,1.598196129
9,1.610533855
10,1.615156165
11,1.615156165
12,1.615156165
13,1.615156165
14,1.615156165
15,1.615156165
16,1.615156165
17,1.615156165
18,1.615156165
19,1.615156165
20,1.615156165
21,1.615156165
22,1.527579368
23,1.432240016
24,1.329185248
25,1.22150817
26,1.113831093
27,1.071010504
28,0.987295787
29,0.873139355
30,0.70824673
31,0.449129749
32,0.245449573
33,0.324282445
34,0.276449268
35,0.552686415
36,0.878652618
37,1.154863069
38,1.360454486
39,1.514300894
40,1.633968286
41,1.721724373
42,1.856103685
43,1.974093661
44,2.069614878
45,2.140952438
46,2.192886481
47,2.227996197
48,2.252453114
49,2.269468119
50,2.280735046
51,2.287392024
52,2.292138941
53,2.292138941
54,2.292138941
55,2.292138941
56,2.27370899
57,2.238889704
58,2.181601658
59,2.100129955
60,1.999254736
61,1.881555189
62,1.753202843
63,1.617408586
64,1.486431564
65,1.367233946
66,1.268940608
67,1.1864813
68,1.121346339
69,1.074910205
70,1.045798428
71,1.052267406
72,1.087131286
73,1.151502743
74,1.246490006
75,1.362595867
76,1.497061555
77,1.642180042
78,1.79474044
79,1.942483603
80,2.078447362
81,2.19350684
82,2.29273229
83,2.374633391
84,2.437835666
85,2.483713585
86,2.512440698
87,2.529162246
88,2.538844976
89,2.542095556
90,2.543631055
91,2.543631055
92,2.543631055
93,2.533065741
94,2.506111074
95,2.456342067
96,2.385992112
97,2.29831781
98,2.191944681
99,2.068247196
100,1.927398906
101,1.77454505
102,1.614652376
103,1.448327553
104,1.280287648
105,1.110712245
106,0.941136841
107,0.771561437
108,0.629135615
109,0.423125171
110,0.25306627
111,0.127502896
112,0.066542306
113,0.054359298
114,0.082921334
115,0.286202457
116,0.533253491
117,0.79819913
118,1.17637729
119,1.651482328
120,2.178395089
121,2.718399908
122,3.279146612
123,3.786914867
124,4.329745961
125,4.90379156
126,5.517580244
127,6.169478071
128,6.852598804
129,7.561029801
130,8.294525609
131,9.050524031
132,9.835662824
133,10.65370676
134,11.50686271
135,12.39265519
136,13.31019882
137,14.24256703
138,15.19554005
139,16.15698651
140,17.12962438
141,18.10555512
142,19.07130771
143,20.01424603
144,20.93196174
145,21.8190848
146,22.67617325
147,23.50666205
148,24.3154959
149,25.09740093
150,25.85530504
151,26.58515448
152,27.30081226
153,27.98418262
154,28.63702883
155,29.24885923
156,29.81705162
157,30.34181028
158,30.8202885
159,31.24631328
160,31.611054
161,31.89649545
162,32.09573218
163,32.20996172
164,32.25098071
165,32.232111
166,32.16006591
167,32.03818823
168,31.8897014
169,31.71654393
170,31.52533789
171,31.32580923
172,31.13832284
173,30.97127557
174,30.81500458
175,30.67775063
176,30.56521937
177,30.46675964
178,30.37015463
179,30.26253142
180,30.13274019
181,29.97864098
182,29.81021008
183,29.61503888
184,29.3821919
185,29.10929567
186,28.79769571
187,28.44437407
188,28.05554458
189,27.64660525
190,27.2293776
191,26.81008763
192,26.38852178
193,25.95684557
194,25.5025195
195,25.01341847
196,24.48481321
197,23.89247489
198,23.24014513
199,22.54005745
200,21.78817465
201,20.97312947
202,20.09095925
203,19.15600145
204,18.17608761
205,17.15011642
206,16.08658864
207,15.00217453
208,13.91180656
209,12.82863538
210,11.75930856
211,10.701538
212,9.669817394
213,8.677045294
214,7.729851307
215,6.833571883
216,5.9999843
217,5.2292932
218,4.517493389
219,3.864140805
220,3.266150097
221,2.720330462
222,2.054823861
223,1.438395247
224,0.93848621
225,0.539122143
226,0.24969311
227,0.100325736
228,0.733467439
229,1.409251995
230,2.336783255
231,3.451628816
232,4.792678342
233,6.349663183
234,8.097356952
235,9.971718109
236,11.61787758
237,13.37150621
238,15.21726391
239,17.14747042
240,19.14984072
241,21.20287959
242,23.30045627
243,25.41031626
244,27.50328409
245,29.56246888
246,31.56174487
247,33.48576973
248,35.32072917
249,37.06816465
250,38.67917573
251,40.16888732
252,41.52194259
253,42.7260509
254,43.77506405
255,44.66744926
256,45.39860757
257,45.95010775
258,46.33118127
259,46.55869991
260,46.63264113
261,46.56223544
262,46.35056973
263,46.0160836
264,45.57873638
265,45.08742123
266,44.52394302
267,43.9067364
268,43.24349244
269,42.54494752
270,41.83413116
271,41.12177251
272,40.44166157
273,39.81528131
274,39.25186035
275,38.77445696
276,38.39687183
277,38.12983524
278,37.96412386
279,37.88131039
280,37.87216144
281,37.94438316
282,38.09029723
283,38.31603555
284,38.60318958
285,38.9440779
286,39.33871322
287,39.75329582
288,40.16941188
289,40.573247
290,40.95711514
291,41.30872495
292,41.62192653
293,41.85986163
294,42.02100264
295,42.10844453
296,42.12370321
297,42.06523189
298,41.93611826
299,41.73943108
300,41.47058057
301,41.132629
302,40.74554716
303,40.32622083
304,39.88231772
305,39.41538037
306,38.93156295
307,38.44162257
308,37.98241408
309,37.57082014
310,37.2175802
311,36.92422571
312,36.69691583
313,36.53565744
314,36.44199668
315,36.42362372
316,36.48972859
317,36.6372533
318,36.85233612
319,37.12423576
320,37.44680537
321,37.81083995
322,38.22249237
323,38.69095643
324,39.21163362
325,39.76916435
326,40.35587362
327,40.96100747
328,41.57072814
329,42.18501956
330,42.80078998
331,43.40732962
332,43.98619168
333,44.53434666
334,45.05486777
335,45.54468556
336,45.99611018
337,46.38764272
338,46.69012032
339,46.88511359
340,46.96188347
341,46.9050682
342,46.71311113
343,46.38295222
344,45.90228132
345,45.26514155
346,44.47018607
347,43.53550245
348,42.47183627
349,41.2837924
350,39.98057708
351,38.57446698
352,37.07007667
353,35.48123328
354,33.82954029
355,32.14867476
356,30.47088103
357,28.8253722
358,27.22903768
359,25.69574229
360,24.2253569
361,22.82843585
362,21.5084142
363,20.26528137
364,19.09747962
365,18.01115618
366,17.00779464
367,16.10425374
368,15.31131435
369,14.64111346
370,14.08300204
371,13.62469754
372,13.2446669
373,12.94443903
374,12.72383984
375,12.58721046
376,12.52725514
377,12.53934724
378,12.62042635
379,12.77051396
380,12.97425634
381,13.22557448
382,13.51066103
383,13.81252992
384,14.09597039
385,14.344099
386,14.54771035
387,14.71449101
388,14.83674695
389,14.90995221
390,14.93432956
391,14.90188483
392,14.8110706
393,14.6634439
394,14.44512751
395,14.1745795
396,13.85334715
397,13.45836589
398,12.98820395
399,12.46583182
400,11.91274412
401,11.35503387
402,10.79117619
403,10.2273236
404,9.66509463
405,9.104467245
406,8.549984702
407,8.001659099
408,7.456398064
409,6.93268471
410,6.421272646
411,5.926759985
412,5.475243591
413,5.077468157
414,4.825886161
415,4.637454826
416,4.504440086
417,4.434501903
418,4.430755508
419,4.496369679
420,4.631239313
421,4.850923715
422,5.146062828
423,5.524310186
424,5.959445327
425,6.448387824
426,7.000340889
427,7.612325729
428,8.281210115
429,8.911440642
430,9.572242646
431,10.26059904
432,10.96734536
433,11.70639702
434,12.48068378
435,13.29493248
436,14.14283105
437,15.03841861
438,15.96942404
439,16.94662485
440,17.96540909
441,19.01505742
442,20.09865067
443,21.12056854
444,22.13930736
445,23.14265659
446,24.11833951
447,25.06329992
448,25.96037823
449,26.80812897
450,27.58644612
451,28.3000387
452,28.9488889
453,29.54237943
454,30.0774931
455,30.56194714
456,31.00179588
457,31.39241275
458,31.81718052
459,32.21306219
460,32.58619
461,32.93197442
462,33.22429261
463,33.45263068
464,33.60462327
465,33.68028432
466,33.65613722
467,33.5243356
468,33.28628288
469,32.95449538
470,32.52589914
471,31.98995443
472,31.3540466
473,30.65054823
474,29.8827229
475,29.06162619
476,28.20432753
477,27.33658997
478,26.45420103
479,25.57657758
480,24.72066244
481,23.89789748
482,23.12060118
483,22.39954171
484,21.74522426
485,21.15166435
486,20.63097772
487,20.18947165
488,19.80373218
489,19.47184699
490,19.19194378
491,18.96502107
492,18.78674738
493,18.67803462
494,18.62421105
495,18.63018085
496,18.70503752
497,18.84859745
498,19.04718299
499,19.29770612
500,19.61215521
501,19.97556927
502,20.36941703
503,20.78751903
504,21.21424492
505,21.63996223
506,22.03459459
507,22.42352416
508,22.791817
509,23.13799821
510,23.47046566
511,23.76648615
512,24.02010632
513,24.22815961
514,24.39183533
515,24.49140351
516,24.53873326
517,24.54221782
518,24.51905428
519,24.48824753
520,24.45950486
521,24.46790598
522,24.48680417
523,24.5343574
524,24.61658692
525,24.71894638
526,24.84942464
527,25.00840976
528,25.17499693
529,25.34134829
530,25.51958695
531,25.70179912
532,25.8920168
533,26.08226598
534,26.26488315
535,26.45503834
536,26.62104593
537,26.76432078
538,26.8738294
539,26.9284556
540,26.93229214
541,26.88301147
542,26.76951713
543,26.60787373
544,26.40445595
545,26.15339447
546,25.85265584
547,25.48859757
548,25.05792336
549,24.59738683
550,24.08537901
551,23.54568013
552,22.97810004
553,22.37368127
554,21.74696871
555,21.09306304
556,20.41882904
557,19.75132879
558,19.07729649
559,18.38022454
560,17.66786943
561,16.94415177
562,16.30924489
563,15.71134069
564,15.12146872
565,14.55667371
566,14.02342854
567,13.51892311
568,13.05053612
569,12.62230603
570,12.229718
571,11.8743811
572,11.53731832
573,11.23881618
574,10.99183376
575,10.80670818
576,10.6980062
577,10.58216443
578,10.47436317
579,10.37160214
580,10.25989129
581,10.1327829
582,9.999463627
583,9.862843834
584,9.725600424
585,9.593843196
586,9.464120113
587,9.350602635
588,9.262499246
589,9.196150986
590,9.140858792
591,8.999140752
592,8.828642947
593,8.667263685
594,8.516577713
595,8.373186559
596,8.237003271
597,8.110035169
598,8.000151293
599,7.905947426
600,7.825212061
601,7.761193889
602,7.700729535
603,7.619142572
604,7.516074184
605,7.382449038
606,7.299964089
607,7.216377957
608,7.135422803
609,7.050617671
610,6.970030545
611,6.898145528
612,6.833608155
613,6.768438363
614,6.699501776
615,6.626874481
616,6.546032094
617,6.462749147
618,6.392476339
619,6.336623952
620,6.30756518
621,6.307470241
622,6.323350413
623,6.347305683
624,6.376749565
625,6.413374979
626,6.450966022
627,6.482502314
628,6.51126098
629,6.538798417
630,6.564412543
631,6.59222957
632,6.625611046
633,6.663539131
634,6.704866716
635,6.744600376
636,6.776983253
637,6.80022087
638,6.825808865
639,6.859267762
640,6.896382474
641,6.942036558
642,6.998605668
643,7.063961895
644,7.136076643
645,7.220755271
646,7.309648497
647,7.392410185
648,7.46779113
649,7.531274758
650,7.579549437
651,7.617923081
652,7.652274028
653,7.677929371
654,7.693571884
655,7.699089235
656,7.690330044
657,7.666766675
658,7.631925914
659,7.589172535
660,7.533060264
661,7.472758003
662,7.408746497
663,7.33940673
664,7.272882969
665,7.212239976
666,7.160859386
667,7.112917057
668,7.066333473
669,7.018466215
670,6.962320232
671,6.905077459
672,6.838366235
673,6.758227724
674,6.667148741
675,6.561874751
676,6.441996384
677,6.305564978
678,6.15520657
679,5.987572405
680,5.804726816
681,5.602872036
682,5.384887679
683,5.154046173
684,4.915493423
685,4.676655928
686,4.431833161
687,4.189627229
688,3.949396189
689,3.709405408
690,3.473602867
691,3.240187409
692,3.014141144
693,2.794097315
694,2.581470573
695,2.373940545
696,2.172911458
697,1.979375528
698,1.793989036
699,1.617523778
700,1.441364883
701,1.273080285
702,1.112792288
703,0.959135826
704,0.817713618
705,0.687578934
706,0.537651475
707,0.395523634
708,0.269587895
709,0.160325519
710,0.073003865
711,0.017150827
712,0
713,1.019886005
714,2.008616183
715,2.929190419
716,3.671167859
717,4.247910529
718,4.787084668
719,5.398426017
720,6.134894372
721,6.918874179
722,7.729524728
723,8.577354664
724,9.471476587
725,10.4241876
726,11.44790339
727,12.55037916
728,13.73619642
729,14.99460034
730,16.31029401
731,17.66347461
732,19.03155132
733,20.38278307
734,21.70059674
735,22.91081336
736,24.00505144
737,24.97492663
738,25.81551409
739,26.53109256
740,27.14161122
741,27.66232054
742,28.10249011
743,28.45937194
744,28.73610985
745,28.94325185
746,29.08199301
747,29.14416297
748,29.12921466
749,29.03500791
750,28.92298796
751,28.78728573
752,28.60858171
753,28.3705851
754,28.0646071
755,27.66614433
756,27.16615038
757,26.56458853
758,25.87204285
759,25.09527765
760,24.24020172
761,23.32529801
762,22.38497717
763,21.44694414
764,20.52573413
765,19.6327794
766,18.77499672
767,17.97285616
768,17.24010323
769,16.55876038
770,15.92700952
771,15.34307627
772,14.80574954
773,14.30261591
774,13.8133175
775,13.34283575
776,12.88966031
777,12.45284814
778,12.03999361
779,11.64277384
780,11.28846777
781,10.95042418
782,10.62798188
783,10.30582048
784,10.003389
785,9.709898924
786,9.417836889
787,9.123758416
788,8.842341651
789,8.596543982
790,8.378272634
791,8.181864382
792,7.991911726
793,7.789349904
794,7.578890317
795,7.331071262
796,7.070328213
797,6.794161427
798,6.531220589
799,6.265460462
800,6.030463749
801,5.804505432
802,5.547472613
803,5.185649726
804,4.770688861
805,4.330045446
806,4.025011775
807,3.687454293
808,3.300552711
809,2.813492355
810,2.03871702
811,0.738172267
812,0.141123106
813,0.724765673
814,1.569701442
815,2.662368526
816,4.009022199
817,5.58214843
818,7.335667596
819,9.243488812
820,10.92502246
821,12.74016359
822,14.67046157
823,16.70973908
824,18.8426613
825,21.0646346
826,23.35724179
827,25.71280559
828,28.1175047
829,30.56058683
830,33.02978373
831,35.51285822
832,37.99291361
833,40.45608994
834,42.88069011
835,45.23311793
836,47.48723868
837,49.62768069
838,51.6298999
839,53.47396351
840,55.11534759
841,56.52640174
842,57.67802127
843,58.54403099
844,59.12288221
845,59.41151712
846,59.41141884
847,59.12565485
848,58.55888412
849,57.7284658
850,56.65544989
851,55.3643975
852,53.85996109
853,52.16515462
854,50.29686977
855,48.29961641
856,46.19948879
857,44.01902066
858,41.79554846
859,39.53830763
860,37.26258916
861,34.98066223
862,32.7187138
863,30.49666852
864,28.31888022
865,26.19789252
866,24.1398659
867,22.15404401
868,20.25116579
869,18.45266127
870,16.77084288
871,15.22101304
872,13.82824703
873,12.57829781
874,11.46191227
875,10.47146564
876,9.600843281
877,8.829998814
878,8.13566373
879,7.51959933
880,6.977240056
881,6.514714332
882,6.13351644
883,5.822879144
884,5.646082447
885,5.520193066
886,5.433407013
887,5.356149453
888,5.294265772
889,5.258509534
890,5.256575431
891,5.273123209
892,5.301996624
893,5.352770424
894,5.420564624
895,5.50685564
896,5.61461307
897,5.746959347
898,5.914670136
899,6.043902953
900,6.208269133
901,6.422725953
902,6.705971944
903,7.08747387
904,7.57506032
905,8.164014205
906,8.863550832
907,9.699943432
908,10.65293076
909,11.72259786
910,12.90583107
911,14.18891432
912,15.55644734
913,16.90373841
914,18.27518861
915,19.64788469
916,20.96955369
917,22.23588069
918,23.39624217
919,24.43213527
920,25.34057181
921,26.12149289
922,26.74543463
923,27.22952815
924,27.57220996
925,27.77054667
926,27.82295213
927,27.73406826
928,27.59461448
929,27.34478425
930,26.9814509
931,26.53392299
932,25.97280516
933,25.30100276
934,24.52315093
935,23.64537231
936,22.65219945
937,21.57315132
938,20.40659789
939,19.15104931
940,17.8110482
941,16.45422813
942,15.07293901
943,13.69493586
944,12.35389307
945,11.11121165
946,9.982206177
947,9.028233303
948,8.261658514
949,7.700769348
950,7.328794972
951,7.159745015
952,7.171924114
953,7.362315873
954,7.710977693
955,8.220944188
956,8.823193939
957,9.534572567
958,10.33100487
959,11.18226248
960,12.02282884
961,12.83765195
962,13.59287741
963,14.29203292
964,14.92200403
965,15.52130005
966,16.08302244
967,16.62486102
968,17.16209455
969,17.73607211
970,18.2884791
971,18.86839251
972,19.46352801
973,20.06572791
974,20.67292585
975,21.29848138
976,21.932881
977,22.5823807
978,23.23581755
979,23.91863258
980,24.61525107
981,25.35097831
982,26.095808
983,26.84819332
984,27.55905897
985,28.24694881
986,28.86879173
987,29.41474923
988,29.88903951
989,30.32185579
990,30.72974872
991,31.12359029
992,31.49064479
993,31.83948307
994,32.11922721
995,32.33519943
996,32.47428806
997,32.55348965
998,32.54993271
999,32.49885072
1000,32.41381306
1001,32.29180425
1002,32.13962173
1003,31.95474693
1004,31.71771473
1005,31.41195626
1006,31.05420702
1007,30.65566664
1008,30.19856677
1009,29.72458048
1010,29.21146917
1011,28.69538746
1012,28.17471824
1013,27.67551528
1014,27.22065823
1015,26.82258616
1016,26.50294566
1017,26.2861728
1018,26.17527245
1019,26.1611191
1020,26.24674031
1021,26.40765359
1022,26.62539763
1023,26.90464115
1024,27.2131993
1025,27.54037625
1026,27.83397248
1027,28.08177277
1028,28.26544309
1029,28.34608278
1030,28.3368151
1031,28.22961501
1032,28.01967745
1033,27.70069566
1034,27.277273
1035,26.73871563
1036,26.08801279
1037,25.34055681
1038,24.49167284
1039,23.54897856
1040,22.51551654
1041,21.41888476
1042,20.28355685
1043,19.12628815
1044,17.96006747
1045,16.78094459
1046,15.57376753
1047,14.33425195
1048,13.07629759
1049,11.80912535
1050,10.56494856
1051,9.36067989
1052,8.202396213
1053,7.116143449
1054,6.108039285
1055,5.19800794
1056,4.379787033
1057,3.641027609
1058,2.980953077
1059,2.394100218
1060,1.882184712
1061,1.448459176
1062,0.932673297
1063,0.572856037
1064,0.327226626
1065,0.162836312
1066,0.067740406
1067,0.026712107
1068,0
1069,0.415128263
1070,0.567801322
1071,0.789671804
1072,1.118580008
1073,1.579476561
1074,2.209831693
1075,3.020212516
1076,3.703490684
1077,4.472679427
1078,5.339050957
1079,6.308453187
1080,7.375578985
1081,8.535153627
1082,9.786804171
1083,11.12986596
1084,12.56048261
1085,14.07053274
1086,15.66114857
1087,17.31890409
1088,19.03380382
1089,20.78754693
1090,22.55471648
1091,24.32029609
1092,26.08156235
1093,27.8281275
1094,29.54142843
1095,31.21393847
1096,32.83843839
1097,34.39894657
1098,35.87861935
1099,37.25335367
1100,38.50973961
1101,39.61605219
1102,40.55546792
1103,41.31666722
1104,41.90597467
1105,42.33795399
1106,42.61631449
1107,42.74290801
1108,42.71828599
1109,42.55425425
1110,42.25903424
1111,41.83832578
1112,41.2954385
1113,40.63945834
1114,39.88983332
1115,39.04869088
1116,38.13774753
1117,37.17210419
1118,36.17147212
1119,35.1442657
1120,34.10401842
1121,33.06638643
1122,32.03370241
1123,31.01745864
1124,30.02132395
1125,29.04882442
1126,28.11242145
1127,27.2295608
1128,26.41712869
1129,25.69102231
1130,25.07653895
1131,24.58746749
1132,24.232982
1133,24.01254627
1134,23.92922117
1135,23.98765064
1136,24.17317333
1137,24.48085206
1138,24.89821614
1139,25.41637121
1140,26.03044177
1141,26.73732882
1142,27.52878619
1143,28.39703035
1144,29.33530974
1145,30.33459765
1146,31.38624835
1147,32.48647262
1148,33.63175071
1149,34.80872406
1150,35.99919386
1151,37.20813819
1152,38.43779238
1153,39.70205733
1154,41.00417132
1155,42.34384047
1156,43.70712731
1157,45.0807083
1158,46.44745938
1159,47.79139643
1160,49.10049589
1161,50.35980988
1162,51.55256258
1163,52.66373274
1164,53.68342026
1165,54.61922858
1166,55.47126045
1167,56.24548786
1168,56.94182147
1169,57.55829186
1170,58.08476542
1171,58.52274887
1172,58.87948236
1173,59.15372185
1174,59.34648153
1175,59.45490763
1176,59.47835609
1177,59.4195822
1178,59.287275
1179,59.09916186
1180,58.8581055
1181,58.56474264
1182,58.21309689
1183,57.79846642
1184,57.31617634
1185,56.76652345
1186,56.15871499
1187,55.49711145
1188,54.7941288
1189,54.05420975
1190,53.28402253
1191,52.48968654
1192,51.67724456
1193,50.85430605
1194,50.01352492
1195,49.15180105
1196,48.26792367
1197,47.36460852
1198,46.44840659
1199,45.53641027
1200,44.64194131
1201,43.75223012
1202,42.87081621
1203,41.99425801
1204,41.13504521
1205,40.3087746
1206,39.53086681
1207,38.80950851
1208,38.14524808
1209,37.53792227
1210,36.9853909
1211,36.47179463
1212,35.9914319
1213,35.53102459
1214,35.08675632
1215,34.65912386
1216,34.25608242
1217,33.87230158
1218,33.50904135
1219,33.1628816
1220,32.82755644
1221,32.49689984
1222,32.16417766
1223,31.8304632
1224,31.50025878
1225,31.17154289
1226,30.85072486
1227,30.53207149
1228,30.22831907
1229,29.93305992
1230,29.65161709
1231,29.39010899
1232,29.15385302
1233,28.93416504
1234,28.71989832
1235,28.50000083
1236,28.27266909
1237,28.03438939
1238,27.77449154
1239,27.49534182
1240,27.21372642
1241,26.94341964
1242,26.70437947
1243,26.50282398
1244,26.3453947
1245,26.23043607
1246,26.15711917
1247,26.12737701
1248,26.15554424
1249,26.25635548
1250,26.43184188
1251,26.68376399
1252,27.01532297
1253,27.42554205
1254,27.91837667
1255,28.48367837
1256,29.11531381
1257,29.78226321
1258,30.46841277
1259,31.1560542
1260,31.83345749
1261,32.49362805
1262,33.13578331
1263,33.75497233
1264,34.34414961
1265,34.90561714
1266,35.44128942
1267,35.96061057
1268,36.47216547
1269,36.96949438
1270,37.4442593
1271,37.8961515
1272,38.34645255
1273,38.79900788
1274,39.26830023
1275,39.76364437
1276,40.28191259
1277,40.79967578
1278,41.30342041
1279,41.79146067
1280,42.26466237
1281,42.70566139
1282,43.09845835
1283,43.41744936
1284,43.6526378
1285,43.80870359
1286,43.90056518
1287,43.93288293
1288,43.9123075
1289,43.8364939
1290,43.70579333
1291,43.53338227
1292,43.34158892
1293,43.14248112
1294,42.93239971
1295,42.70449733
1296,42.46520084
1297,42.21507947
1298,41.97058431
1299,41.74442331
1300,41.53804163
1301,41.33543817
1302,41.13042672
1303,40.91487109
1304,40.68843474
1305,40.45138912
1306,40.21404631
1307,39.97215953
1308,39.72449339
1309,39.4629147
1310,39.20074239
1311,38.95355145
1312,38.74207822
1313,38.57776987
1314,38.46185126
1315,38.38543802
1316,38.35041012
1317,38.35234265
1318,38.38911152
1319,38.45684392
1320,38.53484903
1321,38.5978236
1322,38.63668859
1323,38.65618254
1324,38.66328381
1325,38.6464615
1326,38.59691909
1327,38.4999019
1328,38.3477973
1329,38.13580547
1330,37.86422203
1331,37.52934581
1332,37.12684208
1333,36.65585207
1334,36.11988565
1335,35.53261832
1336,34.9058783
1337,34.25457668
1338,33.58182178
1339,32.89602551
1340,32.20223992
1341,31.50798042
1342,30.82295625
1343,30.1516846
1344,29.50150056
1345,28.8800395
1346,28.30160281
1347,27.77907771
1348,27.3149823
1349,26.91526503
1350,26.58174701
1351,26.31613771
1352,26.10645095
1353,25.95051059
1354,25.84463887
1355,25.786595
1356,25.76986507
1357,25.78350955
1358,25.82217516
1359,25.88485882
1360,25.97231658
1361,26.0759983
1362,26.18267397
1363,26.28739698
1364,26.38924541
1365,26.4902208
1366,26.58334097
1367,26.67764624
1368,26.7651913
1369,26.84720664
1370,26.92156061
1371,26.98611865
1372,27.04218646
1373,27.08627939
1374,27.11361817
1375,27.12099166
1376,27.10746401
1377,27.08546904
1378,27.06497954
1379,27.045684
1380,27.02693822
1381,27.01489545
1382,27.00762126
1383,27.01614831
1384,27.03444781
1385,27.06017847
1386,27.09674524
1387,27.14445346
1388,27.20192248
1389,27.26664562
1390,27.34057402
1391,27.42787187
1392,27.52665874
1393,27.62636483
1394,27.71982916
1395,27.80347323
1396,27.87329645
1397,27.92736224
1398,27.95673289
1399,27.96715889
1400,27.95894233
1401,27.92520809
1402,27.86766897
1403,27.78903811
1404,27.68953136
1405,27.56980355
1406,27.42123679
1407,27.24490026
1408,27.04671667
1409,26.82671414
1410,26.5878313
1411,26.32846696
1412,26.04538865
1413,25.74697923
1414,25.43669101
1415,25.11924787
1416,24.79882447
1417,24.47814749
1418,24.15849403
1419,23.84245581
1420,23.53137071
1421,23.23485332
1422,22.95098012
1423,22.68142248
1424,22.43216008
1425,22.20348371
1426,21.99956059
1427,21.82373978
1428,21.66935825
1429,21.53101423
1430,21.41178183
1431,21.31157852
1432,21.22890597
1433,21.1655528
1434,21.11774408
1435,21.08546197
1436,21.05791805
1437,21.0356216
1438,21.02210007
1439,21.01709395
1440,21.02238951
1441,21.03974152
1442,21.06629408
1443,21.10250062
1444,21.14878795
1445,21.20166043
1446,21.2586377
1447,21.31988661
1448,21.38617909
1449,21.45826084
1450,21.53079753
1451,21.60733171
1452,21.68518269
1453,21.76266163
1454,21.83499758
1455,21.90028013
1456,21.95714899
1457,22.00707775
1458,22.05325537
1459,22.09429325
1460,22.13007796
1461,22.16097089
1462,22.18613752
1463,22.2074011
1464,22.22886163
1465,22.25395223
1466,22.28295957
1467,22.31563416
1468,22.34843813
1469,22.38258117
1470,22.41626568
1471,22.44669108
1472,22.47717
1473,22.50427237
1474,22.53178812
1475,22.56089157
1476,22.59233946
1477,22.62391022
1478,22.65429923
1479,22.67931322
1480,22.70017147
1481,22.72202513
1482,22.74228749
1483,22.75933536
1484,22.77311553
1485,22.78205508
1486,22.78365649
1487,22.77600574
1488,22.7584151
1489,22.73052972
1490,22.69103491
1491,22.64028734
1492,22.57857723
1493,22.50462277
1494,22.42436762
1495,22.33737748
1496,22.23940305
1497,22.13510936
1498,22.03038054
1499,21.92564504
1500,21.82663685
1501,21.734029
1502,21.65032671
1503,21.57531153
1504,21.5078344
1505,21.44992368
1506,21.40413406
1507,21.37238876
1508,21.35767869
1509,21.35760088
1510,21.36691089
1511,21.3864514
1512,21.41459499
1513,21.44904548
1514,21.49107922
1515,21.53963531
1516,21.59452191
1517,21.65463349
1518,21.71901073
1519,21.78563628
1520,21.85228248
1521,21.91407023
1522,21.96954383
1523,22.01411546
1524,22.04678929
1525,22.07377926
1526,22.09478464
1527,22.10658778
1528,22.11008036
1529,22.10489695
1530,22.09009404
1531,22.06687759
1532,22.03580582
1533,21.99861935
1534,21.95487372
1535,21.90486224
1536,21.85354519
1537,21.80060787
1538,21.74731751
1539,21.69387374
1540,21.63829659
1541,21.58336495
1542,21.53211115
1543,21.4840151
1544,21.43942908
1545,21.39717786
1546,21.35873477
1547,21.3213927
1548,21.28792083
1549,21.26404813
1550,21.25511724
1551,21.25916113
1552,21.27591037
1553,21.30474101
1554,21.34068421
1555,21.38309232
1556,21.43068283
1557,21.48317648
1558,21.53664799
1559,21.58587901
1560,21.62603364
1561,21.65430178
1562,21.68496534
1563,21.72333544
1564,21.76845609
1565,21.81456262
1566,21.8588893
1567,21.90180639
1568,21.94633377
1569,21.99595604
1570,22.05098041
1571,22.10967863
1572,22.1710909
1573,22.23746042
1574,22.31405262
1575,22.40689291
1576,22.52196187
1577,22.65033169
1578,22.78369212
1579,22.92240904
1580,23.06999927
1581,23.23253067
1582,23.41591172
1583,23.62131588
1584,23.84620821
1585,24.08829916
1586,24.35459427
1587,24.64454598
1588,24.96211014
1589,25.30997422
1590,25.68721098
1591,26.07755785
1592,26.46478451
1593,26.84219776
1594,27.20342928
1595,27.55022823
1596,27.87916022
1597,28.18397169
1598,28.45966013
1599,28.71105164
1600,28.94425099
1601,29.15660858
1602,29.35204143
1603,29.51863636
1604,29.64566217
1605,29.72774058
1606,29.77452264
1607,29.80169852
1608,29.81271512
1609,29.80920298
1610,29.78669637
1611,29.74099828
1612,29.67502878
1613,29.59285461
1614,29.49293457
1615,29.36472685
1616,29.21139645
1617,29.0265314
1618,28.81563274
1619,28.58388069
1620,28.34011992
1621,28.0958382
1622,27.85074956
1623,27.61233998
1624,27.3815913
1625,27.16342622
1626,26.96440486
1627,26.79184886
1628,26.6432974
1629,26.51279156
1630,26.4040895
1631,26.31033628
1632,26.24734798
1633,26.22899777
1634,26.26031016
1635,26.33464222
1636,26.43471382
1637,26.55261934
1638,26.68549103
1639,26.83079969
1640,26.9787602
1641,27.12648983
1642,27.26497104
1643,27.39523816
1644,27.52069717
1645,27.63925372
1646,27.75365414
1647,27.85597905
1648,27.93250327
1649,27.97281847
1650,27.97017051
1651,27.93174842
1652,27.86723688
1653,27.78501223
1654,27.70333972
1655,27.63707784
1656,27.58492383
1657,27.54658889
1658,27.52903223
1659,27.53795329
1660,27.57442485
1661,27.6391716
1662,27.72002964
1663,27.82039137
1664,27.94840211
1665,28.12021358
1666,28.34416376
1667,28.61123045
1668,28.91325566
1669,29.24245384
1670,29.59171501
1671,29.96115459
1672,30.35393729
1673,30.76864565
1674,31.20227448
1675,31.66294205
1676,32.15266082
1677,32.68276171
1678,33.25203487
1679,33.86464075
1680,34.50818417
1681,35.1636315
1682,35.82212633
1683,36.45999925
1684,37.05863102
1685,37.61684277
1686,38.14327285
1687,38.63228965
1688,39.07582872
1689,39.47861208
1690,39.82693996
1691,40.1153717
1692,40.33946936
1693,40.50216613
1694,40.60363928
1695,40.65282366
1696,40.66973221
1697,40.66586311
1698,40.6622063
1699,40.66463325
1700,40.67423118
1701,40.6841897
1702,40.69216676
1703,40.70729842
1704,40.72307268
1705,40.74020308
1706,40.75628804
1707,40.76609375
1708,40.76477568
1709,40.75772596
1710,40.74546909
1711,40.72491927
1712,40.70714734
1713,40.69504825
1714,40.69182375
1715,40.68796903
1716,40.68958601
1717,40.69753223
1718,40.69513619
1719,40.68666902
1720,40.67980191
1721,40.67911727
1722,40.68545008
1723,40.68838265
1724,40.6679157
1725,40.61028841
1726,40.51210358
1727,40.36275065
1728,40.16440315
1729,39.92058879
1730,39.63655222
1731,39.30681266
1732,38.92717107
1733,38.51053224
1734,38.0581185
1735,37.57536205
1736,37.07278761
1737,36.55962075
1738,36.04218466
1739,35.53471458
1740,35.05277889
1741,34.59091873
1742,34.15134763
1743,33.72966135
1744,33.3176046
1745,32.90719705
1746,32.49424682
1747,32.09768524
1748,31.71953691
1749,31.35978112
1750,31.01244548
1751,30.67181451
1752,30.33233508
1753,30.00466171
1754,29.69062348
1755,29.38682241
1756,29.09607315
1757,28.81721957
1758,28.5423211
1759,28.28096692
1760,28.04253548
1761,27.84595793
1762,27.68598636
1763,27.56794159
1764,27.49687567
1765,27.47171806
1766,27.47947696
1767,27.51510347
1768,27.56251121
1769,27.59878488
1770,27.66378864
1771,27.753641
1772,27.84803922
1773,27.97858891
1774,28.14348603
1775,28.36508272
1776,28.62213616
1777,28.9183044
1778,29.24551544
1779,29.59910564
1780,29.98365289
1781,30.40446365
1782,30.86264308
1783,31.36652809
1784,31.9293862
1785,32.51200895
1786,33.12634803
1787,33.80714502
1788,34.52448367
1789,35.28286223
1790,36.05238089
1791,36.82818842
1792,37.59804472
1793,38.3537243
1794,39.09721783
1795,39.84375734
1796,40.60511155
1797,41.40815388
1798,42.27187965
1799,43.16622686
1800,44.09401691
1801,45.06019773
1802,46.03515605
1803,47.04086442
1804,48.05967434
1805,49.08612112
1806,50.10998481
1807,51.12262881
1808,52.11002722
1809,53.04351336
1810,53.89630755
1811,54.64665457
1812,55.2638271
1813,55.72426221
1814,56.05054037
1815,56.22443856
1816,56.23005579
1817,56.09414303
1818,55.80466454
1819,55.37066667
1820,54.8045192
1821,54.11891007
1822,53.32684476
1823,52.45804325
1824,51.53055884
1825,50.55634848
1826,49.52557384
1827,48.43236369
1828,47.26486238
1829,46.02340958
1830,44.72703119
1831,43.38822072
1832,41.99291362
1833,40.5445751
1834,39.07204283
1835,37.59412612
1836,36.13797361
1837,34.7291779
1838,33.38909678
1839,32.15213543
1840,31.03636397
1841,30.0678005
1842,29.25558893
1843,28.61185032
1844,28.14062207
1845,27.81236215
1846,27.59358485
1847,27.4578988
1848,27.41732285
1849,27.42536823
1850,27.47322025
1851,27.5395064
1852,27.60492553
1853,27.64630125
1854,27.63973617
1855,27.5705489
1856,27.43174118
1857,27.22436805
1858,26.95860374
1859,26.62497229
1860,26.241115
1861,25.82264792
1862,25.38546093
1863,24.90173941
1864,24.38378418
1865,23.81401008
1866,23.18523317
1867,22.47846039
1868,21.67360601
1869,20.76145714
1870,19.7441511
1871,18.63995521
1872,17.47177194
1873,16.24902735
1874,15.0297918
1875,13.83875646
1876,12.75883334
1877,11.79220772
1878,10.97616475
1879,10.3163112
1880,9.82248421
1881,9.484452724
1882,9.310325563
1883,9.30304048
1884,9.476018721
1885,9.837595616
1886,10.38934665
1887,11.12709251
1888,12.05828334
1889,13.13397481
1890,14.33387406
1891,15.59032411
1892,16.92280889
1893,18.30133874
1894,19.72204205
1895,21.17275217
1896,22.65448301
1897,24.15536771
1898,25.66458579
1899,27.15874146
1900,28.61542059
1901,30.01314523
1902,31.33556054
1903,32.53808582
1904,33.62020365
1905,34.52706163
1906,35.2393865
1907,35.73967821
1908,36.02483938
1909,36.09633117
1910,35.96307279
1911,35.63494307
1912,35.12870579
1913,34.45857948
1914,33.63466879
1915,32.66063103
1916,31.53308269
1917,30.25360438
1918,28.85127216
1919,27.33284701
1920,25.75280336
1921,24.11647034
1922,22.4351661
1923,20.72783232
1924,19.00955329
1925,17.30202978
1926,15.63235026
1927,14.02134705
1928,12.49507659
1929,11.07350326
1930,9.771912435
1931,8.615247552
1932,7.60964406
1933,6.759010296
1934,6.084519385
1935,5.588761663
1936,5.284762449
1937,5.178632896
1938,5.263533978
1939,5.527445874
1940,5.951478361
1941,6.51723831
1942,7.199415573
1943,7.971836268
1944,8.809865544
1945,9.684871846
1946,10.56628264
1947,11.44474241
1948,12.30809407
1949,13.13340541
1950,13.92001221
1951,14.66276164
1952,15.34949848
1953,15.97235786
1954,16.53434934
1955,17.03234204
1956,17.46713031
1957,17.83649282
1958,18.132601
1959,18.36095023
1960,18.50163877
1961,18.56525548
1962,18.55908896
1963,18.4711313
1964,18.30923558
1965,18.08371225
1966,17.79324968
1967,17.44520309
1968,17.05343261
1969,16.63673024
1970,16.19450483
1971,15.74338271
1972,15.32223062
1973,14.94331079
1974,14.63912368
1975,14.46876985
1976,14.43699424
1977,14.55428099
1978,14.8398063
1979,15.27834357
1980,15.84871557
1981,16.53006198
1982,17.31085266
1983,18.1551338
1984,19.04292851
1985,19.95570769
1986,20.86225896
1987,21.72183593
1988,22.5212451
1989,23.24816194
1990,23.88246442
1991,24.41627022
1992,24.83819035
1993,25.14438104
1994,25.33325297
1995,25.40858644
1996,25.38506702
1997,25.2609458
1998,25.0811338
1999,24.82197339
2000,24.48633233
2001,24.0609805
2002,23.55817609
2003,22.9785467
2004,22.29583279
2005,21.50567012
2006,20.60427154
2007,19.59366554
2008,18.48598705
2009,17.30077568
2010,16.05841936
2011,14.77530155
2012,13.48339738
2013,12.16093862
2014,10.85140909
2015,9.585599876
2016,8.40181361
2017,7.302731864
2018,6.305420181
2019,5.416648488
2020,4.63972615
2021,3.982980144
2022,3.442855829
2023,3.009050248
2024,2.672872084
2025,2.420737043
2026,2.243507096
2027,2.077347452
2028,1.949452853
2029,1.845675923
2030,1.75335583
2031,1.66585618
2032,1.575701796
2033,1.477405994
2034,1.375793271
2035,1.269849696
2036,1.155894291
2037,1.032600225
2038,0.901619178
2039,0.769055897
2040,0.581456924
2041,0.460911609
2042,0.360978833
2043,0.263312793
2044,0.168237093
2045,0.054257244
2046,0
